,RouteID_f3261fad-5f97-44f6-ae7f-cf169f5d6452
AH,
AK,
AN,
AU,"{'PackageID_4df30ec9-2ff9-4142-9a89-68933956dac4': {'time_window': {'start_time_utc': nan, 'end_time_utc': nan}, 'planned_service_time_seconds': 49.0, 'dimensions': {'depth_cm': 57.5, 'height_cm': 16.5, 'width_cm': 18.2}}, 'PackageID_b4602d93-e3e0-4aab-909a-bed9b8829850': {'time_window': {'start_time_utc': nan, 'end_time_utc': nan}, 'planned_service_time_seconds': 49.0, 'dimensions': {'depth_cm': 49.5, 'height_cm': 7.6, 'width_cm': 35.6}}}"
AV,"{'PackageID_3330c6f2-6cab-4f82-a8b0-2c47a0b48932': {'time_window': {'start_time_utc': nan, 'end_time_utc': nan}, 'planned_service_time_seconds': 59.0, 'dimensions': {'depth_cm': 40.6, 'height_cm': 12.7, 'width_cm': 30.5}}, 'PackageID_31f83d6f-9ec1-4c17-9473-a386312b3100': {'time_window': {'start_time_utc': nan, 'end_time_utc': nan}, 'planned_service_time_seconds': 59.0, 'dimensions': {'depth_cm': 48.3, 'height_cm': 15.2, 'width_cm': 33.0}}, 'PackageID_1f3eb06c-1dd1-4a4e-912d-b334b2504f61': {'time_window': {'start_time_utc': nan, 'end_time_utc': nan}, 'planned_service_time_seconds': 59.0, 'dimensions': {'depth_cm': 34.3, 'height_cm': 11.4, 'width_cm': 20.3}}}"
AY,"{'PackageID_e9a647b0-0194-4a31-9110-0ad4e324cefb': {'time_window': {'start_time_utc': nan, 'end_time_utc': nan}, 'planned_service_time_seconds': 90.0, 'dimensions': {'depth_cm': 43.2, 'height_cm': 7.6, 'width_cm': 27.9}}}"
BA,
BC,
BK,
BL,
BS,
BV,
CG,
CH,
CI,
CM,"{'PackageID_3114e839-d0d0-417f-8016-8a80bd96a3fa': {'time_window': {'start_time_utc': '2018-07-26 16:00:00', 'end_time_utc': '2018-07-26 23:00:00'}, 'planned_service_time_seconds': 430.0, 'dimensions': {'depth_cm': 25.4, 'height_cm': 12.7, 'width_cm': 17.8}}}"
CO,
CW,
CZ,
DC,
DG,
DM,
DQ,
DS,
DT,
DZ,
EC,
EF,
EQ,
ER,
EU,
EY,
FD,
FK,
FQ,"{'PackageID_bd97aac2-f334-4d7b-a521-a9ebd38652bf': {'time_window': {'start_time_utc': nan, 'end_time_utc': nan}, 'planned_service_time_seconds': 52.0, 'dimensions': {'depth_cm': 29.5, 'height_cm': 6.1, 'width_cm': 16.8}}, 'PackageID_16a25f79-40fe-470d-b54a-c53caca0b955': {'time_window': {'start_time_utc': nan, 'end_time_utc': nan}, 'planned_service_time_seconds': 52.0, 'dimensions': {'depth_cm': 31.0, 'height_cm': 2.0, 'width_cm': 28.4}}}"
FR,
FU,
GB,
GC,
GO,"{'PackageID_e020f2a7-d981-4b05-a6df-69215af127a5': {'time_window': {'start_time_utc': nan, 'end_time_utc': nan}, 'planned_service_time_seconds': 114.0, 'dimensions': {'depth_cm': 48.3, 'height_cm': 15.2, 'width_cm': 33.0}}}"
GP,
GR,"{'PackageID_9c06ceca-af4d-47cf-8057-939001d74456': {'time_window': {'start_time_utc': nan, 'end_time_utc': nan}, 'planned_service_time_seconds': 61.0, 'dimensions': {'depth_cm': 31.5, 'height_cm': 1.5, 'width_cm': 29.0}}}"
GU,
GY,"{'PackageID_9bd63308-e16b-4fbc-91e2-d60c76941d8c': {'time_window': {'start_time_utc': nan, 'end_time_utc': nan}, 'planned_service_time_seconds': 41.0, 'dimensions': {'depth_cm': 24.4, 'height_cm': 1.0, 'width_cm': 16.8}}}"
GZ,
HA,
HB,
HE,
HG,
HJ,
HQ,"{'PackageID_1b0774b3-e8f3-4703-beff-61977172ff3f': {'time_window': {'start_time_utc': nan, 'end_time_utc': nan}, 'planned_service_time_seconds': 67.0, 'dimensions': {'depth_cm': 31.0, 'height_cm': 10.4, 'width_cm': 24.1}}}"
HU,
HV,
HW,
IF,
IK,
IP,"{'PackageID_857703d9-fe6c-41be-b60f-fffb47f6a9d8': {'time_window': {'start_time_utc': nan, 'end_time_utc': nan}, 'planned_service_time_seconds': 184.5, 'dimensions': {'depth_cm': 36.1, 'height_cm': 7.1, 'width_cm': 20.8}}, 'PackageID_d1cdc2b2-af97-4e13-a957-036531cc64b3': {'time_window': {'start_time_utc': nan, 'end_time_utc': nan}, 'planned_service_time_seconds': 184.5, 'dimensions': {'depth_cm': 27.9, 'height_cm': 1.3, 'width_cm': 18.5}}}"
IS,
IX,"{'PackageID_d83aac0e-aea4-4a7e-9ef5-1a07db8815f4': {'time_window': {'start_time_utc': nan, 'end_time_utc': nan}, 'planned_service_time_seconds': 47.0, 'dimensions': {'depth_cm': 36.8, 'height_cm': 17.8, 'width_cm': 20.3}}, 'PackageID_bfa36450-0f28-470d-baab-00f313b6bb60': {'time_window': {'start_time_utc': nan, 'end_time_utc': nan}, 'planned_service_time_seconds': 47.0, 'dimensions': {'depth_cm': 35.6, 'height_cm': 22.9, 'width_cm': 31.8}}}"
JA,
JC,
JD,
JH,"{'PackageID_2ffd86c9-e672-4fdd-a8e2-dd2f88d43f60': {'time_window': {'start_time_utc': '2018-07-26 16:00:00', 'end_time_utc': '2018-07-26 23:00:00'}, 'planned_service_time_seconds': 160.0, 'dimensions': {'depth_cm': 36.8, 'height_cm': 17.8, 'width_cm': 20.3}}}"
JM,
JN,
JO,
JP,
JR,
JZ,
KE,
KG,
KN,
KO,
KS,
KV,
KZ,
LD,
LQ,
LV,
LW,"{'PackageID_ea1ad86e-ac61-475f-84a0-9baa9814e37f': {'time_window': {'start_time_utc': nan, 'end_time_utc': nan}, 'planned_service_time_seconds': 65.0, 'dimensions': {'depth_cm': 32.6, 'height_cm': 3.0, 'width_cm': 19.9}}}"
MA,"{'PackageID_1bec9c92-58b4-41ce-9203-5c1b00ffdf5a': {'time_window': {'start_time_utc': nan, 'end_time_utc': nan}, 'planned_service_time_seconds': 37.5, 'dimensions': {'depth_cm': 60.4, 'height_cm': 12.3, 'width_cm': 35.5}}, 'PackageID_f8338705-6c43-4de5-af72-24276accbb62': {'time_window': {'start_time_utc': nan, 'end_time_utc': nan}, 'planned_service_time_seconds': 37.5, 'dimensions': {'depth_cm': 49.5, 'height_cm': 7.6, 'width_cm': 35.6}}}"
MF,
MI,
MJ,
MM,
MU,"{'PackageID_0a7256c6-2799-4b47-ae04-7b48f83fcd3f': {'time_window': {'start_time_utc': nan, 'end_time_utc': nan}, 'planned_service_time_seconds': 66.0, 'dimensions': {'depth_cm': 31.1, 'height_cm': 1.9, 'width_cm': 28.6}}}"
MZ,
NE,
NF,
NH,"{'PackageID_eb95c842-81c5-4985-a41c-db6466498771': {'time_window': {'start_time_utc': nan, 'end_time_utc': nan}, 'planned_service_time_seconds': 71.0, 'dimensions': {'depth_cm': 25.4, 'height_cm': 12.7, 'width_cm': 17.8}}}"
NL,
NR,
NU,
NV,
NY,"{'PackageID_06937b6b-bec1-4e71-8731-fd7976d3161c': {'time_window': {'start_time_utc': nan, 'end_time_utc': nan}, 'planned_service_time_seconds': 43.5, 'dimensions': {'depth_cm': 39.4, 'height_cm': 7.6, 'width_cm': 31.8}}, 'PackageID_349a287c-9ded-4454-a8f1-9f8c8b9368f9': {'time_window': {'start_time_utc': nan, 'end_time_utc': nan}, 'planned_service_time_seconds': 43.5, 'dimensions': {'depth_cm': 36.8, 'height_cm': 17.8, 'width_cm': 20.3}}}"
NZ,
OD,
OF,"{'PackageID_a3de3893-1d96-46ea-a650-44e1a819d22a': {'time_window': {'start_time_utc': nan, 'end_time_utc': nan}, 'planned_service_time_seconds': 50.3, 'dimensions': {'depth_cm': 20.8, 'height_cm': 4.6, 'width_cm': 13.2}}, 'PackageID_7dcb8a99-c436-4cca-81c9-3b01369d3fae': {'time_window': {'start_time_utc': nan, 'end_time_utc': nan}, 'planned_service_time_seconds': 50.3, 'dimensions': {'depth_cm': 30.5, 'height_cm': 10.2, 'width_cm': 19.1}}, 'PackageID_22b227f9-c111-4c0a-b33c-9e85ceb1ab7f': {'time_window': {'start_time_utc': nan, 'end_time_utc': nan}, 'planned_service_time_seconds': 50.3, 'dimensions': {'depth_cm': 35.6, 'height_cm': 22.9, 'width_cm': 31.8}}}"
OH,
OI,
OJ,
ON,
OW,
PB,
PK,"{'PackageID_46d530e0-c645-4138-baad-4c3f706f8899': {'time_window': {'start_time_utc': nan, 'end_time_utc': nan}, 'planned_service_time_seconds': 67.0, 'dimensions': {'depth_cm': 34.3, 'height_cm': 11.4, 'width_cm': 26.7}}}"
QA,
QB,"{'PackageID_613007e6-8381-44a3-9da3-7b8505739e57': {'time_window': {'start_time_utc': nan, 'end_time_utc': nan}, 'planned_service_time_seconds': 28.5, 'dimensions': {'depth_cm': 22.6, 'height_cm': 2.8, 'width_cm': 15.0}}, 'PackageID_ea5e263d-7297-4829-a1bb-3805de8b0f0a': {'time_window': {'start_time_utc': nan, 'end_time_utc': nan}, 'planned_service_time_seconds': 28.5, 'dimensions': {'depth_cm': 20.8, 'height_cm': 4.6, 'width_cm': 13.2}}}"
QC,
QF,
QI,
QM,"{'PackageID_c6eaf469-9ad9-4109-a5f0-6b8ab5994bbd': {'time_window': {'start_time_utc': nan, 'end_time_utc': nan}, 'planned_service_time_seconds': 272.0, 'dimensions': {'depth_cm': 43.2, 'height_cm': 7.6, 'width_cm': 27.9}}}"
QN,
QV,"{'PackageID_e557cb71-33c8-449c-863e-79f84226f3a7': {'time_window': {'start_time_utc': nan, 'end_time_utc': nan}, 'planned_service_time_seconds': 54.0, 'dimensions': {'depth_cm': 39.1, 'height_cm': 18.8, 'width_cm': 19.1}}}"
QW,
RD,"{'PackageID_c7c95807-3a1d-49f7-9d91-9151856fae47': {'time_window': {'start_time_utc': nan, 'end_time_utc': nan}, 'planned_service_time_seconds': 50.0, 'dimensions': {'depth_cm': 39.4, 'height_cm': 7.6, 'width_cm': 31.8}}}"
RH,"{'PackageID_b4080efe-18a3-4a00-bd4d-6adbe8bfb277': {'time_window': {'start_time_utc': nan, 'end_time_utc': nan}, 'planned_service_time_seconds': 82.0, 'dimensions': {'depth_cm': 35.6, 'height_cm': 7.6, 'width_cm': 20.3}}}"
RO,
RR,
RU,
SC,
SF,
SH,"{'PackageID_22f33282-d635-4c8f-ae6c-8ad64a2578d8': {'time_window': {'start_time_utc': nan, 'end_time_utc': nan}, 'planned_service_time_seconds': 38.0, 'dimensions': {'depth_cm': 25.4, 'height_cm': 12.7, 'width_cm': 17.8}}}"
SI,
SJ,
SK,
SM,
SN,
SO,
SQ,
SR,
SS,
SW,"{'PackageID_44d2b2f8-a24e-4ae2-acc5-7f216bed5069': {'time_window': {'start_time_utc': nan, 'end_time_utc': nan}, 'planned_service_time_seconds': 180.5, 'dimensions': {'depth_cm': 36.8, 'height_cm': 17.8, 'width_cm': 20.3}}, 'PackageID_cdaae395-2dad-474b-b297-7fd8cd6570c1': {'time_window': {'start_time_utc': nan, 'end_time_utc': nan}, 'planned_service_time_seconds': 180.5, 'dimensions': {'depth_cm': 55.9, 'height_cm': 12.7, 'width_cm': 45.7}}, 'PackageID_fe82ef2a-f6c5-49e9-854a-9e739fc90e35': {'time_window': {'start_time_utc': nan, 'end_time_utc': nan}, 'planned_service_time_seconds': 180.5, 'dimensions': {'depth_cm': 48.3, 'height_cm': 15.2, 'width_cm': 33.0}}, 'PackageID_2e41b680-bd78-4226-b620-d95bda756298': {'time_window': {'start_time_utc': nan, 'end_time_utc': nan}, 'planned_service_time_seconds': 180.5, 'dimensions': {'depth_cm': 48.3, 'height_cm': 15.2, 'width_cm': 33.0}}}"
TA,"{'PackageID_e0ed700f-b288-4ac6-9ce5-ca602fb692a6': {'time_window': {'start_time_utc': '2018-07-26 16:00:00', 'end_time_utc': '2018-07-27 00:00:00'}, 'planned_service_time_seconds': 167.0, 'dimensions': {'depth_cm': 30.2, 'height_cm': 2.8, 'width_cm': 27.7}}}"
TH,
TO,
TP,"{'PackageID_906417d6-97f3-4d92-b803-cb0bfbef9033': {'time_window': {'start_time_utc': nan, 'end_time_utc': nan}, 'planned_service_time_seconds': 49.5, 'dimensions': {'depth_cm': 38.6, 'height_cm': 4.6, 'width_cm': 23.4}}, 'PackageID_83adedad-7ec2-4e70-b7ea-6f1ad849cc4b': {'time_window': {'start_time_utc': nan, 'end_time_utc': nan}, 'planned_service_time_seconds': 49.5, 'dimensions': {'depth_cm': 63.5, 'height_cm': 12.7, 'width_cm': 45.7}}}"
TQ,
TR,
TW,
UA,"{'PackageID_3598e4a6-c77a-425b-8199-7139c680867b': {'time_window': {'start_time_utc': nan, 'end_time_utc': nan}, 'planned_service_time_seconds': 70.0, 'dimensions': {'depth_cm': 33.0, 'height_cm': 20.3, 'width_cm': 26.7}}}"
UC,"{'PackageID_6c959d5a-76fb-44d4-87a8-eeebc9c73390': {'time_window': {'start_time_utc': nan, 'end_time_utc': nan}, 'planned_service_time_seconds': 32.0, 'dimensions': {'depth_cm': 19.8, 'height_cm': 3.8, 'width_cm': 16.0}}}"
UF,"{'PackageID_518b91c2-7113-4978-92b0-190ffe0675a4': {'time_window': {'start_time_utc': nan, 'end_time_utc': nan}, 'planned_service_time_seconds': 16.5, 'dimensions': {'depth_cm': 29.0, 'height_cm': 4.1, 'width_cm': 26.4}}, 'PackageID_97e65e8b-ad19-4df0-a621-eae57ba39118': {'time_window': {'start_time_utc': nan, 'end_time_utc': nan}, 'planned_service_time_seconds': 16.5, 'dimensions': {'depth_cm': 40.1, 'height_cm': 3.0, 'width_cm': 24.9}}, 'PackageID_ff0be4e5-e2d3-4213-b0a6-f6f75c6cb90c': {'time_window': {'start_time_utc': nan, 'end_time_utc': nan}, 'planned_service_time_seconds': 16.5, 'dimensions': {'depth_cm': 30.5, 'height_cm': 5.1, 'width_cm': 22.9}}, 'PackageID_76b23e23-4c36-4347-aa15-caa4f57c6bdc': {'time_window': {'start_time_utc': nan, 'end_time_utc': nan}, 'planned_service_time_seconds': 16.5, 'dimensions': {'depth_cm': 24.4, 'height_cm': 1.0, 'width_cm': 16.8}}}"
UG,
UH,"{'PackageID_5e21d4ad-8f74-4da2-b98e-c9a7493f854c': {'time_window': {'start_time_utc': nan, 'end_time_utc': nan}, 'planned_service_time_seconds': 66.0, 'dimensions': {'depth_cm': 34.3, 'height_cm': 7.6, 'width_cm': 24.1}}}"
UI,
UO,
UP,"{'PackageID_edfeb8d2-ef81-4532-b24c-418c86cf7960': {'time_window': {'start_time_utc': nan, 'end_time_utc': nan}, 'planned_service_time_seconds': 58.0, 'dimensions': {'depth_cm': 29.0, 'height_cm': 6.6, 'width_cm': 16.3}}}"
UR,
VD,
VH,
VL,
VO,
VQ,
VW,
VX,"{'PackageID_2289378c-1c3c-48ce-953d-e0e76cd67f6b': {'time_window': {'start_time_utc': nan, 'end_time_utc': nan}, 'planned_service_time_seconds': 82.0, 'dimensions': {'depth_cm': 25.4, 'height_cm': 12.7, 'width_cm': 17.8}}}"
WD,
WF,
WH,
WO,
WR,
WU,"{'PackageID_5fc049f0-0c5b-4878-9056-b7329dea0d3e': {'time_window': {'start_time_utc': '2018-07-26 16:00:00', 'end_time_utc': '2018-07-26 23:00:00'}, 'planned_service_time_seconds': 79.0, 'dimensions': {'depth_cm': 33.0, 'height_cm': 20.3, 'width_cm': 26.7}}}"
WV,
WW,
WX,
WY,"{'PackageID_7c9040b8-ccff-4a84-bcef-d2832a6562c4': {'time_window': {'start_time_utc': nan, 'end_time_utc': nan}, 'planned_service_time_seconds': 89.0, 'dimensions': {'depth_cm': 39.4, 'height_cm': 7.6, 'width_cm': 31.8}}}"
XA,"{'PackageID_06cb9e6b-3b41-467b-a427-f60674dbc2f8': {'time_window': {'start_time_utc': nan, 'end_time_utc': nan}, 'planned_service_time_seconds': 77.0, 'dimensions': {'depth_cm': 29.7, 'height_cm': 3.3, 'width_cm': 27.2}}}"
XB,"{'PackageID_6f86bdc8-5187-499e-84cc-2b3fec8bdc99': {'time_window': {'start_time_utc': nan, 'end_time_utc': nan}, 'planned_service_time_seconds': 131.0, 'dimensions': {'depth_cm': 21.1, 'height_cm': 4.3, 'width_cm': 13.5}}}"
XC,
XF,
XH,
XJ,
XK,
XP,
XQ,
XY,
YA,
YB,
YJ,"{'PackageID_31dc9881-3ecd-4d4c-a93c-27759fabcf52': {'time_window': {'start_time_utc': nan, 'end_time_utc': nan}, 'planned_service_time_seconds': 49.0, 'dimensions': {'depth_cm': 25.4, 'height_cm': 12.7, 'width_cm': 17.8}}}"
YK,"{'PackageID_41f4c009-9a4a-4f47-9839-b6309c0043ad': {'time_window': {'start_time_utc': nan, 'end_time_utc': nan}, 'planned_service_time_seconds': 166.0, 'dimensions': {'depth_cm': 50.8, 'height_cm': 21.8, 'width_cm': 43.2}}}"
YL,
YN,
YQ,
YS,
YV,"{'PackageID_6ae516f6-09eb-4a50-92c7-eea1c74771cb': {'time_window': {'start_time_utc': nan, 'end_time_utc': nan}, 'planned_service_time_seconds': 29.3, 'dimensions': {'depth_cm': 43.2, 'height_cm': 7.6, 'width_cm': 27.9}}, 'PackageID_90b6f5b8-8078-45ad-8628-3544bf3ff9e1': {'time_window': {'start_time_utc': nan, 'end_time_utc': nan}, 'planned_service_time_seconds': 29.3, 'dimensions': {'depth_cm': 43.2, 'height_cm': 27.9, 'width_cm': 30.5}}, 'PackageID_47c39586-f0c1-4063-a32a-0b6469d934a0': {'time_window': {'start_time_utc': nan, 'end_time_utc': nan}, 'planned_service_time_seconds': 29.3, 'dimensions': {'depth_cm': 25.4, 'height_cm': 12.7, 'width_cm': 17.8}}, 'PackageID_261b7c0b-6b9d-4203-bf3d-d4790ce03b6d': {'time_window': {'start_time_utc': nan, 'end_time_utc': nan}, 'planned_service_time_seconds': 29.3, 'dimensions': {'depth_cm': 53.3, 'height_cm': 22.4, 'width_cm': 36.2}}}"
YX,
ZB,
ZH,
ZI,
ZL,
ZO,
ZQ,"{'PackageID_894d5018-484d-4d6b-ad0e-08913dcab3b8': {'time_window': {'start_time_utc': nan, 'end_time_utc': nan}, 'planned_service_time_seconds': 59.0, 'dimensions': {'depth_cm': 55.9, 'height_cm': 30.5, 'width_cm': 45.7}}, 'PackageID_69e943e2-68b3-4d6d-8165-801d076d1320': {'time_window': {'start_time_utc': nan, 'end_time_utc': nan}, 'planned_service_time_seconds': 59.0, 'dimensions': {'depth_cm': 30.5, 'height_cm': 2.5, 'width_cm': 27.9}}, 'PackageID_90ca216a-f832-4272-9f7e-93ae4d2cb6bc': {'time_window': {'start_time_utc': nan, 'end_time_utc': nan}, 'planned_service_time_seconds': 59.0, 'dimensions': {'depth_cm': 40.6, 'height_cm': 12.7, 'width_cm': 30.5}}}"
ZS,
ZX,"{'PackageID_8d24a8e5-b1e6-4759-8a33-74c8f4c41908': {'time_window': {'start_time_utc': nan, 'end_time_utc': nan}, 'planned_service_time_seconds': 72.7, 'dimensions': {'depth_cm': 31.8, 'height_cm': 3.8, 'width_cm': 19.1}}, 'PackageID_a5f95b3e-5123-47db-b83d-cac2f7d1ec36': {'time_window': {'start_time_utc': nan, 'end_time_utc': nan}, 'planned_service_time_seconds': 72.7, 'dimensions': {'depth_cm': 34.3, 'height_cm': 11.4, 'width_cm': 20.3}}, 'PackageID_1d16df3d-4e2a-4a09-93f8-5280e5e6e8bd': {'time_window': {'start_time_utc': nan, 'end_time_utc': nan}, 'planned_service_time_seconds': 72.7, 'dimensions': {'depth_cm': 25.4, 'height_cm': 12.7, 'width_cm': 17.8}}}"
AE,
AG,"{'PackageID_bde89048-e50f-41f6-9df2-9f716b84ccb8': {'time_window': {'start_time_utc': '2018-07-26 16:00:00', 'end_time_utc': '2018-07-26 23:00:00'}, 'planned_service_time_seconds': 188.0, 'dimensions': {'depth_cm': 25.6, 'height_cm': 7.4, 'width_cm': 23.1}}}"
AZ,"{'PackageID_346bb55e-0929-45eb-ad21-4dd849929e1c': {'time_window': {'start_time_utc': nan, 'end_time_utc': nan}, 'planned_service_time_seconds': 43.0, 'dimensions': {'depth_cm': 25.9, 'height_cm': 7.1, 'width_cm': 23.4}}}"
BG,
BH,
BO,
BU,
CB,
CC,"{'PackageID_4ed81a8c-8b60-4573-aff9-d0cf24cff9bb': {'time_window': {'start_time_utc': nan, 'end_time_utc': nan}, 'planned_service_time_seconds': 47.0, 'dimensions': {'depth_cm': 31.2, 'height_cm': 1.8, 'width_cm': 28.7}}}"
CF,
CK,
CV,"{'PackageID_d30410ef-4985-4e11-a591-7c0a37fcef10': {'time_window': {'start_time_utc': nan, 'end_time_utc': nan}, 'planned_service_time_seconds': 86.0, 'dimensions': {'depth_cm': 34.3, 'height_cm': 11.4, 'width_cm': 20.3}}}"
DH,
DJ,"{'PackageID_c46fa3ff-7282-4361-927c-9efd9c8c61d9': {'time_window': {'start_time_utc': nan, 'end_time_utc': nan}, 'planned_service_time_seconds': 35.5, 'dimensions': {'depth_cm': 32.3, 'height_cm': 10.9, 'width_cm': 17.0}}, 'PackageID_6ab55654-22b2-4a7b-a7ef-733c08eac782': {'time_window': {'start_time_utc': nan, 'end_time_utc': nan}, 'planned_service_time_seconds': 35.5, 'dimensions': {'depth_cm': 49.5, 'height_cm': 7.6, 'width_cm': 35.6}}}"
DO,
DW,
DY,
EE,
EJ,
EL,"{'PackageID_07746dfc-fe20-4ad1-a023-c1b94ca83336': {'time_window': {'start_time_utc': nan, 'end_time_utc': nan}, 'planned_service_time_seconds': 54.5, 'dimensions': {'depth_cm': 34.3, 'height_cm': 7.6, 'width_cm': 24.1}}, 'PackageID_939eaa5a-aaad-44ed-8ff8-a2ace139433a': {'time_window': {'start_time_utc': nan, 'end_time_utc': nan}, 'planned_service_time_seconds': 54.5, 'dimensions': {'depth_cm': 41.9, 'height_cm': 9.1, 'width_cm': 31.5}}}"
EM,"{'PackageID_9a2302f4-3c5d-4198-b965-fa0bc35bbc0b': {'time_window': {'start_time_utc': nan, 'end_time_utc': nan}, 'planned_service_time_seconds': 27.0, 'dimensions': {'depth_cm': 35.6, 'height_cm': 7.6, 'width_cm': 20.3}}, 'PackageID_96c90541-496d-4a2d-ab09-d5efb754a983': {'time_window': {'start_time_utc': nan, 'end_time_utc': nan}, 'planned_service_time_seconds': 27.0, 'dimensions': {'depth_cm': 36.8, 'height_cm': 17.8, 'width_cm': 20.3}}}"
EN,
EP,
ES,
FE,
FL,
FS,"{'PackageID_bff12c8e-173b-4a10-9b16-ad9d408721c8': {'time_window': {'start_time_utc': nan, 'end_time_utc': nan}, 'planned_service_time_seconds': 150.0, 'dimensions': {'depth_cm': 30.9, 'height_cm': 2.1, 'width_cm': 28.4}}}"
FV,"{'PackageID_604b618c-040e-4092-a223-e1d4282a15f3': {'time_window': {'start_time_utc': '2018-07-26 16:00:00', 'end_time_utc': '2018-07-26 23:00:00'}, 'planned_service_time_seconds': 157.0, 'dimensions': {'depth_cm': 53.3, 'height_cm': 15.2, 'width_cm': 38.1}}}"
GA,
GE,"{'PackageID_337a8508-3c2f-4384-ad48-88a146a02acf': {'time_window': {'start_time_utc': nan, 'end_time_utc': nan}, 'planned_service_time_seconds': 27.0, 'dimensions': {'depth_cm': 37.8, 'height_cm': 5.3, 'width_cm': 22.6}}, 'PackageID_93d0738a-b112-473b-b99d-3563ca1ae37e': {'time_window': {'start_time_utc': nan, 'end_time_utc': nan}, 'planned_service_time_seconds': 27.0, 'dimensions': {'depth_cm': 31.2, 'height_cm': 1.8, 'width_cm': 28.7}}}"
GG,
GJ,"{'PackageID_565cf0d3-043e-4950-a999-a48162280554': {'time_window': {'start_time_utc': nan, 'end_time_utc': nan}, 'planned_service_time_seconds': 105.0, 'dimensions': {'depth_cm': 34.3, 'height_cm': 8.9, 'width_cm': 19.1}}}"
GS,
GW,
HI,"{'PackageID_f4a0ef1e-661d-42be-826f-7e694ac6bb8b': {'time_window': {'start_time_utc': '2018-07-26 16:00:00', 'end_time_utc': '2018-07-26 23:00:00'}, 'planned_service_time_seconds': 31.5, 'dimensions': {'depth_cm': 30.2, 'height_cm': 5.3, 'width_cm': 17.5}}, 'PackageID_d2bfba56-8a9c-4082-9145-997083ef0c80': {'time_window': {'start_time_utc': '2018-07-26 16:00:00', 'end_time_utc': '2018-07-26 23:00:00'}, 'planned_service_time_seconds': 31.5, 'dimensions': {'depth_cm': 21.3, 'height_cm': 4.1, 'width_cm': 13.7}}}"
HK,
HL,
HP,"{'PackageID_b4da2577-9cab-42b8-9ba4-503dea9cf7aa': {'time_window': {'start_time_utc': nan, 'end_time_utc': nan}, 'planned_service_time_seconds': 64.0, 'dimensions': {'depth_cm': 39.4, 'height_cm': 7.6, 'width_cm': 31.8}}}"
HT,
IB,
IH,
IM,
IO,
IW,"{'PackageID_1e3c9d6f-c5bc-4f8b-bc0b-e52e7a113087': {'time_window': {'start_time_utc': nan, 'end_time_utc': nan}, 'planned_service_time_seconds': 55.0, 'dimensions': {'depth_cm': 39.4, 'height_cm': 7.6, 'width_cm': 31.8}}}"
JE,"{'PackageID_46ebf88c-5fce-49ae-a5c4-0eb9cfce4857': {'time_window': {'start_time_utc': nan, 'end_time_utc': nan}, 'planned_service_time_seconds': 78.0, 'dimensions': {'depth_cm': 25.4, 'height_cm': 7.6, 'width_cm': 22.9}}}"
JT,"{'PackageID_d8263833-f1b4-477c-b168-67dc60ebbdf1': {'time_window': {'start_time_utc': nan, 'end_time_utc': nan}, 'planned_service_time_seconds': 52.0, 'dimensions': {'depth_cm': 25.4, 'height_cm': 12.7, 'width_cm': 17.8}}}"
JU,"{'PackageID_dd59bc54-5923-4fc0-b0c6-528aac79d530': {'time_window': {'start_time_utc': nan, 'end_time_utc': nan}, 'planned_service_time_seconds': 54.0, 'dimensions': {'depth_cm': 38.1, 'height_cm': 5.1, 'width_cm': 22.9}}}"
KK,
KL,
KP,
KT,
KW,
LZ,
MB,
MH,
MS,
NB,"{'PackageID_48c983d3-dec1-4f72-a4ac-f49bcd88df86': {'time_window': {'start_time_utc': nan, 'end_time_utc': nan}, 'planned_service_time_seconds': 57.0, 'dimensions': {'depth_cm': 30.8, 'height_cm': 2.2, 'width_cm': 28.3}}}"
NC,
NN,
NT,"{'PackageID_da1ed013-5946-4852-adca-190c9a387efe': {'time_window': {'start_time_utc': nan, 'end_time_utc': nan}, 'planned_service_time_seconds': 68.0, 'dimensions': {'depth_cm': 33.0, 'height_cm': 20.3, 'width_cm': 26.7}}}"
OA,
OB,
OG,
OM,
OO,
OQ,
PA,
PD,"{'PackageID_bfc61827-b195-49e6-bf20-f9d3d03023ec': {'time_window': {'start_time_utc': nan, 'end_time_utc': nan}, 'planned_service_time_seconds': 190.0, 'dimensions': {'depth_cm': 61.6, 'height_cm': 33.0, 'width_cm': 41.3}}}"
PE,
PF,
PN,
QO,"{'PackageID_e17c4da2-eadc-47f9-adaf-bedea881be64': {'time_window': {'start_time_utc': nan, 'end_time_utc': nan}, 'planned_service_time_seconds': 62.0, 'dimensions': {'depth_cm': 31.5, 'height_cm': 4.1, 'width_cm': 18.8}}}"
QP,
QU,
QZ,
RI,"{'PackageID_543d8984-d02a-47d7-a4d4-c26e7b07c6f6': {'time_window': {'start_time_utc': nan, 'end_time_utc': nan}, 'planned_service_time_seconds': 79.0, 'dimensions': {'depth_cm': 34.3, 'height_cm': 11.4, 'width_cm': 20.3}}}"
RQ,
RX,
RZ,
SD,
SE,
SP,"{'PackageID_70c543d4-18d3-47b2-b299-7227b529d3ab': {'time_window': {'start_time_utc': nan, 'end_time_utc': nan}, 'planned_service_time_seconds': 39.3, 'dimensions': {'depth_cm': 23.6, 'height_cm': 1.8, 'width_cm': 16.0}}, 'PackageID_82fb484a-8ea0-48e9-815c-434c601ee27a': {'time_window': {'start_time_utc': nan, 'end_time_utc': nan}, 'planned_service_time_seconds': 39.3, 'dimensions': {'depth_cm': 27.2, 'height_cm': 5.8, 'width_cm': 24.6}}, 'PackageID_a660678f-24fd-48ba-b92b-c5321e09753f': {'time_window': {'start_time_utc': nan, 'end_time_utc': nan}, 'planned_service_time_seconds': 39.3, 'dimensions': {'depth_cm': 33.8, 'height_cm': 6.1, 'width_cm': 18.9}}}"
SV,"{'PackageID_6b935432-4804-4eaf-8b5b-8eabd0dfd10e': {'time_window': {'start_time_utc': nan, 'end_time_utc': nan}, 'planned_service_time_seconds': 93.0, 'dimensions': {'depth_cm': 25.4, 'height_cm': 7.6, 'width_cm': 17.8}}}"
SX,
TF,"{'PackageID_f40eba20-a5f7-4e27-973f-d084b614f9e7': {'time_window': {'start_time_utc': nan, 'end_time_utc': nan}, 'planned_service_time_seconds': 46.7, 'dimensions': {'depth_cm': 54.0, 'height_cm': 12.4, 'width_cm': 41.3}}, 'PackageID_3e004a10-4fe9-4ef7-9eee-75aaf188d5f4': {'time_window': {'start_time_utc': nan, 'end_time_utc': nan}, 'planned_service_time_seconds': 46.7, 'dimensions': {'depth_cm': 45.7, 'height_cm': 21.6, 'width_cm': 22.9}}, 'PackageID_1ee5aa97-7941-4975-9ba9-a343791545de': {'time_window': {'start_time_utc': nan, 'end_time_utc': nan}, 'planned_service_time_seconds': 46.7, 'dimensions': {'depth_cm': 21.3, 'height_cm': 4.1, 'width_cm': 13.7}}}"
TG,
TM,"{'PackageID_79c9d1bd-c245-4635-85a2-adc1d92df99a': {'time_window': {'start_time_utc': '2018-07-26 17:00:00', 'end_time_utc': '2018-07-27 00:00:00'}, 'planned_service_time_seconds': 61.0, 'dimensions': {'depth_cm': 22.4, 'height_cm': 3.0, 'width_cm': 14.7}}}"
TV,
UJ,
UK,
UN,
UU,
UV,
UW,"{'PackageID_94e6d49b-d28b-49df-bd2b-057f1cac309b': {'time_window': {'start_time_utc': '2018-07-26 16:00:00', 'end_time_utc': '2018-07-27 00:00:00'}, 'planned_service_time_seconds': 42.0, 'dimensions': {'depth_cm': 26.9, 'height_cm': 6.1, 'width_cm': 24.4}}, 'PackageID_d3df1df5-1916-44ca-97c8-ce2cfc15d89d': {'time_window': {'start_time_utc': '2018-07-26 16:00:00', 'end_time_utc': '2018-07-27 00:00:00'}, 'planned_service_time_seconds': 42.0, 'dimensions': {'depth_cm': 34.3, 'height_cm': 11.4, 'width_cm': 20.3}}}"
VE,
VK,
VP,
VS,
WC,
WI,
XD,
XO,
XU,"{'PackageID_d0aed708-eab8-4c6e-9d0c-00468b1018ef': {'time_window': {'start_time_utc': nan, 'end_time_utc': nan}, 'planned_service_time_seconds': 53.5, 'dimensions': {'depth_cm': 44.5, 'height_cm': 20.3, 'width_cm': 35.6}}, 'PackageID_546d44bf-8158-4581-934e-7c241c171fb1': {'time_window': {'start_time_utc': nan, 'end_time_utc': nan}, 'planned_service_time_seconds': 53.5, 'dimensions': {'depth_cm': 25.4, 'height_cm': 12.7, 'width_cm': 17.8}}}"
YC,
YD,"{'PackageID_9394696c-f452-49fe-b54f-119b3b20a099': {'time_window': {'start_time_utc': nan, 'end_time_utc': nan}, 'planned_service_time_seconds': 53.5, 'dimensions': {'depth_cm': 39.4, 'height_cm': 7.6, 'width_cm': 31.8}}, 'PackageID_bed0cf55-de4f-4555-9e9c-1ff01002fceb': {'time_window': {'start_time_utc': nan, 'end_time_utc': nan}, 'planned_service_time_seconds': 53.5, 'dimensions': {'depth_cm': 50.2, 'height_cm': 25.3, 'width_cm': 43.2}}}"
YG,
YO,
YP,
YY,
YZ,
ZE,"{'PackageID_9db3adcb-9b30-409f-9399-42448d0e0923': {'time_window': {'start_time_utc': nan, 'end_time_utc': nan}, 'planned_service_time_seconds': 68.0, 'dimensions': {'depth_cm': 55.9, 'height_cm': 27.9, 'width_cm': 43.2}}}"
ZK,
ZP,
ZV,
ZY,
AF,
AO,
AS,
AT,"{'PackageID_a6ead2ca-849a-4136-8907-1e275aec59e4': {'time_window': {'start_time_utc': nan, 'end_time_utc': nan}, 'planned_service_time_seconds': 40.8, 'dimensions': {'depth_cm': 40.6, 'height_cm': 12.7, 'width_cm': 30.5}}, 'PackageID_8afcf93f-9bcb-48fc-82e2-73d29d637fac': {'time_window': {'start_time_utc': nan, 'end_time_utc': nan}, 'planned_service_time_seconds': 40.8, 'dimensions': {'depth_cm': 34.3, 'height_cm': 11.4, 'width_cm': 20.3}}, 'PackageID_184f5c81-e442-4914-9d1f-44d071f6a0b5': {'time_window': {'start_time_utc': nan, 'end_time_utc': nan}, 'planned_service_time_seconds': 40.8, 'dimensions': {'depth_cm': 47.8, 'height_cm': 10.9, 'width_cm': 37.3}}, 'PackageID_cd324094-f44c-44c2-94ab-7d873724845c': {'time_window': {'start_time_utc': nan, 'end_time_utc': nan}, 'planned_service_time_seconds': 40.8, 'dimensions': {'depth_cm': 30.7, 'height_cm': 2.3, 'width_cm': 28.2}}}"
BM,
BP,
BQ,"{'PackageID_5f9fe543-ae03-473c-a375-6fccaaabef7d': {'time_window': {'start_time_utc': nan, 'end_time_utc': nan}, 'planned_service_time_seconds': 126.0, 'dimensions': {'depth_cm': 39.1, 'height_cm': 4.1, 'width_cm': 23.9}}}"
BX,
CD,
CX,
DF,
DR,"{'PackageID_bd619030-18a7-4fb1-a38a-8c0870f96d25': {'time_window': {'start_time_utc': nan, 'end_time_utc': nan}, 'planned_service_time_seconds': 85.0, 'dimensions': {'depth_cm': 25.4, 'height_cm': 7.6, 'width_cm': 22.9}}}"
DV,
EB,
EH,
EO,
FI,
FP,
FX,
GK,
GN,
HD,
HH,
HN,"{'PackageID_93752c56-81ed-4d65-8494-30db146a7ae4': {'time_window': {'start_time_utc': nan, 'end_time_utc': nan}, 'planned_service_time_seconds': 68.0, 'dimensions': {'depth_cm': 25.4, 'height_cm': 7.6, 'width_cm': 17.8}}}"
HX,
IE,
IN,
IU,
IZ,
JL,
JY,"{'PackageID_20971b60-ed8c-4272-8fa9-2ce8d7af4c22': {'time_window': {'start_time_utc': nan, 'end_time_utc': nan}, 'planned_service_time_seconds': 59.0, 'dimensions': {'depth_cm': 40.6, 'height_cm': 12.7, 'width_cm': 30.5}}}"
KA,
KB,
KH,
KJ,
KM,
KR,
KX,
LA,"{'PackageID_69ffbfc7-49d6-4eaa-a083-5302d3ab2b8e': {'time_window': {'start_time_utc': nan, 'end_time_utc': nan}, 'planned_service_time_seconds': 119.0, 'dimensions': {'depth_cm': 21.6, 'height_cm': 3.8, 'width_cm': 14.0}}}"
LE,"{'PackageID_acc1e06f-a359-4c11-958b-5a6e4a912488': {'time_window': {'start_time_utc': nan, 'end_time_utc': nan}, 'planned_service_time_seconds': 66.0, 'dimensions': {'depth_cm': 43.2, 'height_cm': 7.6, 'width_cm': 27.9}}}"
LI,
LR,"{'PackageID_d13f16e6-ce22-4a78-b985-83257670a70c': {'time_window': {'start_time_utc': nan, 'end_time_utc': nan}, 'planned_service_time_seconds': 94.5, 'dimensions': {'depth_cm': 27.2, 'height_cm': 5.4, 'width_cm': 12.6}}, 'PackageID_4e958bbb-3212-4e8a-8acd-3c535aafc6e8': {'time_window': {'start_time_utc': nan, 'end_time_utc': nan}, 'planned_service_time_seconds': 94.5, 'dimensions': {'depth_cm': 53.3, 'height_cm': 38.1, 'width_cm': 45.7}}}"
LS,
MC,
MQ,
MT,"{'PackageID_bab91911-034a-438c-adf5-a0631ad5c08c': {'time_window': {'start_time_utc': nan, 'end_time_utc': nan}, 'planned_service_time_seconds': 35.5, 'dimensions': {'depth_cm': 18.8, 'height_cm': 1.8, 'width_cm': 13.5}}, 'PackageID_f4e5ef46-aba7-4f33-94aa-0539de15bdbd': {'time_window': {'start_time_utc': nan, 'end_time_utc': nan}, 'planned_service_time_seconds': 35.5, 'dimensions': {'depth_cm': 53.3, 'height_cm': 38.1, 'width_cm': 45.7}}}"
NA,
NI,
OS,
PL,
PV,"{'PackageID_8d0b5bb7-bb06-4789-9eb2-bb72ef0d367d': {'time_window': {'start_time_utc': nan, 'end_time_utc': nan}, 'planned_service_time_seconds': 77.0, 'dimensions': {'depth_cm': 25.4, 'height_cm': 7.6, 'width_cm': 17.8}}}"
PW,
QE,
QJ,
QK,"{'PackageID_203b38a3-f4ff-4e82-92bb-07e561884337': {'time_window': {'start_time_utc': nan, 'end_time_utc': nan}, 'planned_service_time_seconds': 139.0, 'dimensions': {'depth_cm': 28.7, 'height_cm': 4.3, 'width_cm': 26.2}}}"
QY,
RE,
RF,
RW,"{'PackageID_45b5bcdc-067b-4c54-9232-934987d5442c': {'time_window': {'start_time_utc': nan, 'end_time_utc': nan}, 'planned_service_time_seconds': 77.0, 'dimensions': {'depth_cm': 49.5, 'height_cm': 7.6, 'width_cm': 35.6}}}"
SA,
SB,"{'PackageID_b42b76ec-52eb-482a-b880-4b5c8578017b': {'time_window': {'start_time_utc': nan, 'end_time_utc': nan}, 'planned_service_time_seconds': 63.0, 'dimensions': {'depth_cm': 45.7, 'height_cm': 21.6, 'width_cm': 22.9}}}"
TC,
TN,
UD,
UQ,
US,
UY,
UZ,
VA,
VT,"{'PackageID_e9e9d00e-56a3-446c-a884-1a481c4a62cd': {'time_window': {'start_time_utc': nan, 'end_time_utc': nan}, 'planned_service_time_seconds': 61.0, 'dimensions': {'depth_cm': 33.0, 'height_cm': 20.3, 'width_cm': 26.7}}}"
VU,
VV,
VY,
VZ,
WB,
WJ,
WM,
WP,
XG,
YR,
ZA,"{'PackageID_355d6fb7-7052-42a7-85e1-fb67af2ca527': {'time_window': {'start_time_utc': '2018-07-26 16:00:00', 'end_time_utc': '2018-07-26 23:00:00'}, 'planned_service_time_seconds': 193.0, 'dimensions': {'depth_cm': 29.5, 'height_cm': 6.1, 'width_cm': 16.8}}}"
ZF,
ZG,
ZM,
ZN,
ZW,
AJ,
AL,
AM,"{'PackageID_55c9e728-64ba-470f-ace7-9a40c7b54b10': {'time_window': {'start_time_utc': nan, 'end_time_utc': nan}, 'planned_service_time_seconds': 37.7, 'dimensions': {'depth_cm': 31.8, 'height_cm': 1.2, 'width_cm': 29.3}}, 'PackageID_016529d5-9e5d-4778-8119-361bd7015814': {'time_window': {'start_time_utc': nan, 'end_time_utc': nan}, 'planned_service_time_seconds': 37.7, 'dimensions': {'depth_cm': 43.2, 'height_cm': 27.9, 'width_cm': 30.5}}, 'PackageID_d522826a-e05e-4ee2-b35c-a391e3d7340d': {'time_window': {'start_time_utc': nan, 'end_time_utc': nan}, 'planned_service_time_seconds': 37.7, 'dimensions': {'depth_cm': 25.4, 'height_cm': 7.6, 'width_cm': 17.8}}}"
BD,
BF,"{'PackageID_ec1e659b-0253-4233-96a7-4e1afbd02ad7': {'time_window': {'start_time_utc': nan, 'end_time_utc': nan}, 'planned_service_time_seconds': 57.0, 'dimensions': {'depth_cm': 36.8, 'height_cm': 17.8, 'width_cm': 20.3}}, 'PackageID_547b720f-b67f-4d35-9b3b-d2bd6f777b62': {'time_window': {'start_time_utc': nan, 'end_time_utc': nan}, 'planned_service_time_seconds': 57.0, 'dimensions': {'depth_cm': 39.4, 'height_cm': 7.6, 'width_cm': 31.8}}, 'PackageID_f67682f9-b88f-4b52-8a21-8946e8542adc': {'time_window': {'start_time_utc': nan, 'end_time_utc': nan}, 'planned_service_time_seconds': 57.0, 'dimensions': {'depth_cm': 26.0, 'height_cm': 7.0, 'width_cm': 23.5}}}"
BY,
CA,
CP,"{'PackageID_93c1d307-3eda-4fbe-a901-9e0b79eda1c4': {'time_window': {'start_time_utc': nan, 'end_time_utc': nan}, 'planned_service_time_seconds': 83.0, 'dimensions': {'depth_cm': 30.5, 'height_cm': 10.2, 'width_cm': 19.1}}}"
CQ,
DA,
DK,
DU,
EA,
ED,
EI,
ET,"{'PackageID_853a4967-4c2d-4a9c-b2fd-da5ac5a2fa46': {'time_window': {'start_time_utc': nan, 'end_time_utc': nan}, 'planned_service_time_seconds': 76.0, 'dimensions': {'depth_cm': 34.3, 'height_cm': 11.4, 'width_cm': 26.7}}}"
FT,
GF,
GV,"{'PackageID_b0a33793-0670-4697-9627-7b05f1f14d6a': {'time_window': {'start_time_utc': nan, 'end_time_utc': nan}, 'planned_service_time_seconds': 52.0, 'dimensions': {'depth_cm': 22.8, 'height_cm': 2.6, 'width_cm': 15.2}}}"
HC,
IA,"{'PackageID_b64ace7d-f787-4916-941b-a2a83c79c6dd': {'time_window': {'start_time_utc': nan, 'end_time_utc': nan}, 'planned_service_time_seconds': 51.5, 'dimensions': {'depth_cm': 34.3, 'height_cm': 11.4, 'width_cm': 26.7}}, 'PackageID_6b1eeb8a-be74-4a62-84ee-c2cb5669a736': {'time_window': {'start_time_utc': nan, 'end_time_utc': nan}, 'planned_service_time_seconds': 51.5, 'dimensions': {'depth_cm': 31.6, 'height_cm': 1.4, 'width_cm': 29.1}}}"
IQ,
JB,"{'PackageID_1d57fbe3-c005-4ed6-8c18-325313237670': {'time_window': {'start_time_utc': nan, 'end_time_utc': nan}, 'planned_service_time_seconds': 41.0, 'dimensions': {'depth_cm': 25.4, 'height_cm': 7.6, 'width_cm': 17.8}}}"
JG,
JI,
JS,
JX,
KF,
KQ,
KU,
LC,
LG,
LY,
ML,
MW,
NS,
NW,"{'PackageID_21b5e2c0-5236-4ea8-9f86-9047f30a3601': {'time_window': {'start_time_utc': nan, 'end_time_utc': nan}, 'planned_service_time_seconds': 60.7, 'dimensions': {'depth_cm': 24.4, 'height_cm': 1.0, 'width_cm': 16.8}}, 'PackageID_1659fccb-e975-4d13-9a05-0e61da2a094c': {'time_window': {'start_time_utc': nan, 'end_time_utc': nan}, 'planned_service_time_seconds': 60.7, 'dimensions': {'depth_cm': 49.5, 'height_cm': 7.6, 'width_cm': 35.6}}, 'PackageID_81df6458-44d4-4c8d-91f4-11f37f251ed2': {'time_window': {'start_time_utc': nan, 'end_time_utc': nan}, 'planned_service_time_seconds': 60.7, 'dimensions': {'depth_cm': 32.0, 'height_cm': 1.0, 'width_cm': 29.5}}}"
OE,
OX,
PI,
PJ,"{'PackageID_c0815306-6683-4897-bbcf-149410d1d877': {'time_window': {'start_time_utc': nan, 'end_time_utc': nan}, 'planned_service_time_seconds': 52.0, 'dimensions': {'depth_cm': 39.4, 'height_cm': 7.6, 'width_cm': 31.8}}}"
PQ,
PT,
QD,
QH,
QQ,"{'PackageID_42d5189f-c177-4968-bcbb-1dfda368ae31': {'time_window': {'start_time_utc': nan, 'end_time_utc': nan}, 'planned_service_time_seconds': 53.0, 'dimensions': {'depth_cm': 43.8, 'height_cm': 24.1, 'width_cm': 30.5}}}"
RC,
RG,
RL,
RN,
SG,
SL,
ST,"{'PackageID_f2b30d0b-2c51-43d9-9dce-cef942e6213d': {'time_window': {'start_time_utc': nan, 'end_time_utc': nan}, 'planned_service_time_seconds': 32.0, 'dimensions': {'depth_cm': 36.8, 'height_cm': 17.8, 'width_cm': 20.3}}, 'PackageID_b35c5f0e-2735-46b0-bf1c-55cff25bf5e0': {'time_window': {'start_time_utc': nan, 'end_time_utc': nan}, 'planned_service_time_seconds': 32.0, 'dimensions': {'depth_cm': 36.8, 'height_cm': 17.8, 'width_cm': 20.3}}, 'PackageID_4fae8200-9997-4938-84ab-fd76c29794c6': {'time_window': {'start_time_utc': nan, 'end_time_utc': nan}, 'planned_service_time_seconds': 32.0, 'dimensions': {'depth_cm': 40.6, 'height_cm': 12.7, 'width_cm': 30.5}}}"
SZ,
TK,
TS,"{'PackageID_4527d3ef-8ddc-4da0-a262-ca4c895ae564': {'time_window': {'start_time_utc': nan, 'end_time_utc': nan}, 'planned_service_time_seconds': 50.0, 'dimensions': {'depth_cm': 34.3, 'height_cm': 11.4, 'width_cm': 26.7}}}"
TY,
UB,
VC,
WK,
WZ,
XE,
XR,
XZ,"{'PackageID_2be5193d-e9f5-49f0-bc23-45d35f7b9127': {'time_window': {'start_time_utc': nan, 'end_time_utc': nan}, 'planned_service_time_seconds': 32.0, 'dimensions': {'depth_cm': 34.3, 'height_cm': 11.4, 'width_cm': 26.7}}}"
YU,
ZC,
ZD,
ZT,
AI,"{'PackageID_6707a1fa-dab5-4ba2-a5fe-1a6e1fbdbfbe': {'time_window': {'start_time_utc': nan, 'end_time_utc': nan}, 'planned_service_time_seconds': 66.5, 'dimensions': {'depth_cm': 49.5, 'height_cm': 7.6, 'width_cm': 35.6}}, 'PackageID_f7baacc7-deb8-4dda-bf10-c74931101ff6': {'time_window': {'start_time_utc': nan, 'end_time_utc': nan}, 'planned_service_time_seconds': 66.5, 'dimensions': {'depth_cm': 49.5, 'height_cm': 7.6, 'width_cm': 35.6}}}"
AP,
AR,
BN,
CE,
DI,
EK,
FH,"{'PackageID_e57f5c94-66d0-4613-ae01-a61e49d1d4c4': {'time_window': {'start_time_utc': nan, 'end_time_utc': nan}, 'planned_service_time_seconds': 45.0, 'dimensions': {'depth_cm': 35.8, 'height_cm': 7.4, 'width_cm': 20.6}}}"
GQ,
GT,
IC,
IG,"{'PackageID_94bc751e-123a-439c-b722-27011275b59e': {'time_window': {'start_time_utc': nan, 'end_time_utc': nan}, 'planned_service_time_seconds': 82.0, 'dimensions': {'depth_cm': 54.0, 'height_cm': 12.4, 'width_cm': 41.3}}}"
II,
IR,
IT,
JF,
KD,
LL,
LM,"{'PackageID_c40adada-cb62-4851-8ad8-85eff1a25de0': {'time_window': {'start_time_utc': nan, 'end_time_utc': nan}, 'planned_service_time_seconds': 85.5, 'dimensions': {'depth_cm': 32.0, 'height_cm': 3.0, 'width_cm': 18.0}}, 'PackageID_922fd90e-167f-4da9-8236-9df703956b7d': {'time_window': {'start_time_utc': nan, 'end_time_utc': nan}, 'planned_service_time_seconds': 85.5, 'dimensions': {'depth_cm': 22.2, 'height_cm': 8.3, 'width_cm': 14.0}}}"
LO,"{'PackageID_40299ffb-eec9-4cab-83e5-6212b0a28691': {'time_window': {'start_time_utc': nan, 'end_time_utc': nan}, 'planned_service_time_seconds': 95.0, 'dimensions': {'depth_cm': 43.2, 'height_cm': 7.6, 'width_cm': 27.9}}}"
LP,
LU,
ME,
MK,
MN,
OC,
PU,"{'PackageID_092ce278-4717-4115-80a8-40db7eb6cc7a': {'time_window': {'start_time_utc': nan, 'end_time_utc': nan}, 'planned_service_time_seconds': 232.0, 'dimensions': {'depth_cm': 43.2, 'height_cm': 7.6, 'width_cm': 27.9}}}"
PZ,
QS,
RK,
RS,
TB,"{'PackageID_ab5cdbe3-a76a-401a-8881-035da0d58701': {'time_window': {'start_time_utc': nan, 'end_time_utc': nan}, 'planned_service_time_seconds': 36.0, 'dimensions': {'depth_cm': 29.7, 'height_cm': 5.9, 'width_cm': 17.0}}}"
TD,
TE,
UE,
UM,
UT,
UX,
WA,
WL,"{'PackageID_66dbeb4d-fc9b-46af-8e45-40bde169abf1': {'time_window': {'start_time_utc': nan, 'end_time_utc': nan}, 'planned_service_time_seconds': 61.0, 'dimensions': {'depth_cm': 25.4, 'height_cm': 12.7, 'width_cm': 17.8}}}"
WQ,"{'PackageID_65c620dd-e2cd-4dcd-81e5-7be7ff78b7c0': {'time_window': {'start_time_utc': nan, 'end_time_utc': nan}, 'planned_service_time_seconds': 235.0, 'dimensions': {'depth_cm': 41.9, 'height_cm': 5.8, 'width_cm': 9.9}}}"
WS,
WT,
XT,
XW,
YH,"{'PackageID_8dc667ae-2c3e-452d-b1af-ae906f700704': {'time_window': {'start_time_utc': nan, 'end_time_utc': nan}, 'planned_service_time_seconds': 45.0, 'dimensions': {'depth_cm': 45.7, 'height_cm': 24.1, 'width_cm': 30.5}}, 'PackageID_49c30c58-bde3-4b4f-a1b9-ccf8b5bf5540': {'time_window': {'start_time_utc': nan, 'end_time_utc': nan}, 'planned_service_time_seconds': 45.0, 'dimensions': {'depth_cm': 54.6, 'height_cm': 25.4, 'width_cm': 43.2}}}"
YM,
YT,
ZJ,
ZU,"{'PackageID_b739e813-07ed-4186-8d2d-758e8f8c881e': {'time_window': {'start_time_utc': nan, 'end_time_utc': nan}, 'planned_service_time_seconds': 48.0, 'dimensions': {'depth_cm': 36.8, 'height_cm': 17.8, 'width_cm': 20.3}}}"
AQ,
BE,
BW,"{'PackageID_66793aec-7e24-4f14-846d-3d9fb5ed3d45': {'time_window': {'start_time_utc': nan, 'end_time_utc': nan}, 'planned_service_time_seconds': 127.0, 'dimensions': {'depth_cm': 50.8, 'height_cm': 30.5, 'width_cm': 35.6}}}"
BZ,
CJ,
CL,"{'PackageID_44676c81-47d8-4880-b34c-c9afa08c0fd8': {'time_window': {'start_time_utc': nan, 'end_time_utc': nan}, 'planned_service_time_seconds': 41.7, 'dimensions': {'depth_cm': 34.3, 'height_cm': 11.4, 'width_cm': 20.3}}, 'PackageID_6d21a062-9dd2-4862-8107-257467d36fd5': {'time_window': {'start_time_utc': nan, 'end_time_utc': nan}, 'planned_service_time_seconds': 41.7, 'dimensions': {'depth_cm': 34.3, 'height_cm': 7.6, 'width_cm': 24.1}}, 'PackageID_08ecbb24-de4d-498d-b1ac-5c21b52d3d9a': {'time_window': {'start_time_utc': nan, 'end_time_utc': nan}, 'planned_service_time_seconds': 41.7, 'dimensions': {'depth_cm': 34.3, 'height_cm': 7.6, 'width_cm': 24.1}}}"
CS,
CU,
DD,
DL,
FC,
FM,"{'PackageID_fbd770d1-6ebf-45f3-93d2-9c463ec1c587': {'time_window': {'start_time_utc': nan, 'end_time_utc': nan}, 'planned_service_time_seconds': 56.0, 'dimensions': {'depth_cm': 34.3, 'height_cm': 7.6, 'width_cm': 24.1}}}"
FN,
FY,
GI,
HF,
IY,"{'PackageID_e74fe18c-0e1c-4394-af02-f8a168422995': {'time_window': {'start_time_utc': nan, 'end_time_utc': nan}, 'planned_service_time_seconds': 163.0, 'dimensions': {'depth_cm': 25.4, 'height_cm': 12.7, 'width_cm': 17.8}}}"
JW,
KC,"{'PackageID_84fe6f48-e3c8-40dd-803d-cbe8513d5120': {'time_window': {'start_time_utc': nan, 'end_time_utc': nan}, 'planned_service_time_seconds': 171.0, 'dimensions': {'depth_cm': 48.3, 'height_cm': 27.9, 'width_cm': 31.8}}}"
KY,"{'PackageID_dda6151b-a14a-4bdf-9397-b84242036a3a': {'time_window': {'start_time_utc': nan, 'end_time_utc': nan}, 'planned_service_time_seconds': 67.0, 'dimensions': {'depth_cm': 14.5, 'height_cm': 1.8, 'width_cm': 10.1}}}"
LJ,
MG,
MO,
MV,"{'PackageID_697d7394-1c23-4a77-8924-2bd2aafa1889': {'time_window': {'start_time_utc': nan, 'end_time_utc': nan}, 'planned_service_time_seconds': 59.0, 'dimensions': {'depth_cm': 31.1, 'height_cm': 1.9, 'width_cm': 28.6}}}"
MY,
NP,
NQ,"{'PackageID_4236d89c-8ab7-436c-98a7-865847f0eb0f': {'time_window': {'start_time_utc': nan, 'end_time_utc': nan}, 'planned_service_time_seconds': 68.0, 'dimensions': {'depth_cm': 34.3, 'height_cm': 11.4, 'width_cm': 26.7}}}"
OL,
OP,
OT,"{'PackageID_b326fd2f-b982-48c0-816b-ce2a48af6525': {'time_window': {'start_time_utc': nan, 'end_time_utc': nan}, 'planned_service_time_seconds': 106.0, 'dimensions': {'depth_cm': 30.0, 'height_cm': 3.0, 'width_cm': 27.4}}}"
OV,"{'PackageID_7d68a883-ec64-4300-bab7-e1b62e170160': {'time_window': {'start_time_utc': nan, 'end_time_utc': nan}, 'planned_service_time_seconds': 66.0, 'dimensions': {'depth_cm': 45.7, 'height_cm': 21.6, 'width_cm': 22.9}}, 'PackageID_6a02c573-8404-44ed-b44e-32e4b5151b9f': {'time_window': {'start_time_utc': nan, 'end_time_utc': nan}, 'planned_service_time_seconds': 66.0, 'dimensions': {'depth_cm': 25.4, 'height_cm': 12.7, 'width_cm': 17.8}}, 'PackageID_5309811b-cc01-4d68-8ed4-083c27bacffe': {'time_window': {'start_time_utc': nan, 'end_time_utc': nan}, 'planned_service_time_seconds': 66.0, 'dimensions': {'depth_cm': 30.4, 'height_cm': 11.6, 'width_cm': 16.8}}}"
OY,
OZ,
PR,"{'PackageID_4203622d-dbe7-482c-9c62-f5a17055422d': {'time_window': {'start_time_utc': nan, 'end_time_utc': nan}, 'planned_service_time_seconds': 58.0, 'dimensions': {'depth_cm': 39.2, 'height_cm': 19.2, 'width_cm': 20.6}}, 'PackageID_cc865e07-15d9-4fb4-acf4-7578a1ee25b3': {'time_window': {'start_time_utc': nan, 'end_time_utc': nan}, 'planned_service_time_seconds': 58.0, 'dimensions': {'depth_cm': 33.0, 'height_cm': 20.3, 'width_cm': 26.7}}}"
PS,"{'PackageID_a2ece932-c527-43ac-bbc7-0d7357a97eb9': {'time_window': {'start_time_utc': nan, 'end_time_utc': nan}, 'planned_service_time_seconds': 122.0, 'dimensions': {'depth_cm': 53.3, 'height_cm': 15.2, 'width_cm': 38.1}}}"
PX,
QL,"{'PackageID_71e0a440-a141-4b2d-bf67-4817ab2c1d6a': {'time_window': {'start_time_utc': nan, 'end_time_utc': nan}, 'planned_service_time_seconds': 34.0, 'dimensions': {'depth_cm': 27.2, 'height_cm': 5.8, 'width_cm': 24.6}}, 'PackageID_684eaeae-6a6d-4f75-b9b1-13801ef809dc': {'time_window': {'start_time_utc': nan, 'end_time_utc': nan}, 'planned_service_time_seconds': 34.0, 'dimensions': {'depth_cm': 34.3, 'height_cm': 11.4, 'width_cm': 26.7}}, 'PackageID_2a083fcd-1206-4a75-81d5-2a28d0d53d6c': {'time_window': {'start_time_utc': nan, 'end_time_utc': nan}, 'planned_service_time_seconds': 34.0, 'dimensions': {'depth_cm': 27.7, 'height_cm': 5.3, 'width_cm': 25.1}}}"
QR,"{'PackageID_476861cb-44b8-478e-a274-3b876eed8f2e': {'time_window': {'start_time_utc': nan, 'end_time_utc': nan}, 'planned_service_time_seconds': 192.0, 'dimensions': {'depth_cm': 25.4, 'height_cm': 7.6, 'width_cm': 17.8}}}"
QX,
RA,
RB,
RM,
RT,"{'PackageID_741d7104-6483-403a-a0bd-19fc4f3803fd': {'time_window': {'start_time_utc': nan, 'end_time_utc': nan}, 'planned_service_time_seconds': 60.3, 'dimensions': {'depth_cm': 31.2, 'height_cm': 1.8, 'width_cm': 28.7}}, 'PackageID_8b7b56b5-cf7e-4990-bf2d-7120dd38cf22': {'time_window': {'start_time_utc': nan, 'end_time_utc': nan}, 'planned_service_time_seconds': 60.3, 'dimensions': {'depth_cm': 22.2, 'height_cm': 8.3, 'width_cm': 14.0}}, 'PackageID_5595b994-4d85-4aa6-ba0e-e55e2434510f': {'time_window': {'start_time_utc': nan, 'end_time_utc': nan}, 'planned_service_time_seconds': 60.3, 'dimensions': {'depth_cm': 40.6, 'height_cm': 12.7, 'width_cm': 30.5}}}"
SU,"{'PackageID_22e24edc-f3f7-4567-8ddf-c96ccef130da': {'time_window': {'start_time_utc': nan, 'end_time_utc': nan}, 'planned_service_time_seconds': 33.5, 'dimensions': {'depth_cm': 29.2, 'height_cm': 6.4, 'width_cm': 16.5}}, 'PackageID_2151554d-efb9-465e-82de-91b2e2f32b7c': {'time_window': {'start_time_utc': nan, 'end_time_utc': nan}, 'planned_service_time_seconds': 33.5, 'dimensions': {'depth_cm': 11.4, 'height_cm': 1.3, 'width_cm': 10.2}}}"
VJ,"{'PackageID_bfefaa13-fca2-4c67-ba4e-864c3a4f2ede': {'time_window': {'start_time_utc': nan, 'end_time_utc': nan}, 'planned_service_time_seconds': 149.0, 'dimensions': {'depth_cm': 30.2, 'height_cm': 5.3, 'width_cm': 17.5}}}"
WN,
XX,
YI,
ZR,
AA,
AD,
AW,
AX,
BT,
CT,"{'PackageID_7c0b451b-69a4-468b-96ec-e18faf5a38c6': {'time_window': {'start_time_utc': nan, 'end_time_utc': nan}, 'planned_service_time_seconds': 53.5, 'dimensions': {'depth_cm': 25.4, 'height_cm': 7.6, 'width_cm': 17.8}}, 'PackageID_6f391427-881c-41de-97f7-75cc025f084e': {'time_window': {'start_time_utc': nan, 'end_time_utc': nan}, 'planned_service_time_seconds': 53.5, 'dimensions': {'depth_cm': 30.5, 'height_cm': 2.5, 'width_cm': 28.0}}}"
DN,
DP,
FB,"{'PackageID_1e8c370b-d744-4a70-9c16-da8d91147892': {'time_window': {'start_time_utc': nan, 'end_time_utc': nan}, 'planned_service_time_seconds': 34.5, 'dimensions': {'depth_cm': 25.4, 'height_cm': 12.7, 'width_cm': 17.8}}, 'PackageID_2670e841-1c3c-485e-bd6f-7891d907d3ce': {'time_window': {'start_time_utc': nan, 'end_time_utc': nan}, 'planned_service_time_seconds': 34.5, 'dimensions': {'depth_cm': 25.4, 'height_cm': 12.7, 'width_cm': 17.8}}}"
FZ,"{'PackageID_22c91802-6401-4861-b1a5-62a311584cd3': {'time_window': {'start_time_utc': nan, 'end_time_utc': nan}, 'planned_service_time_seconds': 78.0, 'dimensions': {'depth_cm': 33.0, 'height_cm': 20.3, 'width_cm': 26.7}}}"
GH,
IJ,
IL,"{'PackageID_b537101d-e324-40ea-90be-38de7cdc3c0b': {'time_window': {'start_time_utc': nan, 'end_time_utc': nan}, 'planned_service_time_seconds': 75.0, 'dimensions': {'depth_cm': 40.6, 'height_cm': 12.7, 'width_cm': 30.5}}}"
IV,
LH,
LT,"{'PackageID_6291be7e-fca8-4978-a4ee-05467491560c': {'time_window': {'start_time_utc': nan, 'end_time_utc': nan}, 'planned_service_time_seconds': 123.0, 'dimensions': {'depth_cm': 39.4, 'height_cm': 7.6, 'width_cm': 31.8}}}"
NJ,"{'PackageID_7d66b905-dcac-4548-9f02-9e70fe36a8dd': {'time_window': {'start_time_utc': nan, 'end_time_utc': nan}, 'planned_service_time_seconds': 42.0, 'dimensions': {'depth_cm': 29.0, 'height_cm': 10.7, 'width_cm': 25.9}}}"
NK,
OU,"{'PackageID_b0f442fb-c698-42bb-9796-4a407cd0836c': {'time_window': {'start_time_utc': nan, 'end_time_utc': nan}, 'planned_service_time_seconds': 50.5, 'dimensions': {'depth_cm': 34.3, 'height_cm': 11.4, 'width_cm': 26.7}}, 'PackageID_0f94e42a-f047-4505-b7ad-7218ae059554': {'time_window': {'start_time_utc': nan, 'end_time_utc': nan}, 'planned_service_time_seconds': 50.5, 'dimensions': {'depth_cm': 30.5, 'height_cm': 2.5, 'width_cm': 27.9}}}"
PG,
PO,
TL,
TT,
TU,
TX,
XS,
XV,
YF,"{'PackageID_27685459-69cd-4260-bc09-7784579520b2': {'time_window': {'start_time_utc': nan, 'end_time_utc': nan}, 'planned_service_time_seconds': 29.0, 'dimensions': {'depth_cm': 25.4, 'height_cm': 12.7, 'width_cm': 17.8}}, 'PackageID_a3579ff6-00a9-49db-b9e1-44c1f36c8bf2': {'time_window': {'start_time_utc': nan, 'end_time_utc': nan}, 'planned_service_time_seconds': 29.0, 'dimensions': {'depth_cm': 34.3, 'height_cm': 11.4, 'width_cm': 26.7}}}"
BB,
BJ,
EG,
EW,
EX,
EZ,
FA,"{'PackageID_973271cf-a967-401f-b781-05f88b640846': {'time_window': {'start_time_utc': nan, 'end_time_utc': nan}, 'planned_service_time_seconds': 57.0, 'dimensions': {'depth_cm': 29.5, 'height_cm': 6.1, 'width_cm': 16.8}}}"
FF,"{'PackageID_a9d2dbad-026e-48d4-aba6-07f1ba92cf16': {'time_window': {'start_time_utc': nan, 'end_time_utc': nan}, 'planned_service_time_seconds': 55.0, 'dimensions': {'depth_cm': 49.5, 'height_cm': 7.6, 'width_cm': 35.6}}}"
GL,
GM,
HS,
JK,
JV,"{'PackageID_61210bbd-df56-40ab-8b44-df17caf55f7d': {'time_window': {'start_time_utc': nan, 'end_time_utc': nan}, 'planned_service_time_seconds': 111.0, 'dimensions': {'depth_cm': 30.2, 'height_cm': 2.8, 'width_cm': 27.7}}}"
LF,"{'PackageID_f35c00a4-f34e-42a0-8b71-43847ab8c895': {'time_window': {'start_time_utc': nan, 'end_time_utc': nan}, 'planned_service_time_seconds': 38.5, 'dimensions': {'depth_cm': 36.8, 'height_cm': 17.8, 'width_cm': 20.3}}, 'PackageID_0386557a-0550-4fe4-8729-0d05433ea650': {'time_window': {'start_time_utc': nan, 'end_time_utc': nan}, 'planned_service_time_seconds': 38.5, 'dimensions': {'depth_cm': 25.4, 'height_cm': 7.6, 'width_cm': 17.8}}}"
LK,
LX,
MX,
PP,
QG,
TZ,
VR,"{'PackageID_a3a54ad5-0408-4a0e-9d9c-140090ad098a': {'time_window': {'start_time_utc': nan, 'end_time_utc': nan}, 'planned_service_time_seconds': 77.0, 'dimensions': {'depth_cm': 31.5, 'height_cm': 1.5, 'width_cm': 29.0}}}"
XM,"{'PackageID_a0785e21-d0d8-47ff-a3c7-1dc05dc0de59': {'time_window': {'start_time_utc': nan, 'end_time_utc': nan}, 'planned_service_time_seconds': 152.0, 'dimensions': {'depth_cm': 30.7, 'height_cm': 2.3, 'width_cm': 28.2}}}"
YE,
BI,
CR,
DB,
EV,
FG,
FW,"{'PackageID_7f9c27f0-be07-4ce2-ae68-c89f1b15ff97': {'time_window': {'start_time_utc': nan, 'end_time_utc': nan}, 'planned_service_time_seconds': 205.0, 'dimensions': {'depth_cm': 26.4, 'height_cm': 6.6, 'width_cm': 23.9}}}"
HO,
HR,
OK,
PC,
PY,
SY,
TI,
UL,
VF,"{'PackageID_a57a8dd4-29d0-401a-8b16-8ee6badbc72e': {'time_window': {'start_time_utc': nan, 'end_time_utc': nan}, 'planned_service_time_seconds': 153.0, 'dimensions': {'depth_cm': 49.5, 'height_cm': 7.6, 'width_cm': 35.6}}}"
WE,
LB,"{'PackageID_b6f498be-6d12-4a51-9232-92684d6e483d': {'time_window': {'start_time_utc': nan, 'end_time_utc': nan}, 'planned_service_time_seconds': 36.0, 'dimensions': {'depth_cm': 32.5, 'height_cm': 0.5, 'width_cm': 30.0}}, 'PackageID_3543e0aa-d7f7-42da-a9dd-650d0eb45462': {'time_window': {'start_time_utc': nan, 'end_time_utc': nan}, 'planned_service_time_seconds': 36.0, 'dimensions': {'depth_cm': 24.9, 'height_cm': 5.1, 'width_cm': 19.1}}}"
LN,
MP,
PM,"{'PackageID_cef66890-6b69-414b-a546-6b4bba910f74': {'time_window': {'start_time_utc': nan, 'end_time_utc': nan}, 'planned_service_time_seconds': 78.0, 'dimensions': {'depth_cm': 30.7, 'height_cm': 4.8, 'width_cm': 18.0}}}"
VB,
VG,
CY,"{'PackageID_93ef0e81-0ba8-4281-95c9-39ded13127a7': {'time_window': {'start_time_utc': '2018-07-26 16:00:00', 'end_time_utc': '2018-07-27 00:00:00'}, 'planned_service_time_seconds': 103.0, 'dimensions': {'depth_cm': 30.5, 'height_cm': 10.2, 'width_cm': 19.1}}, 'PackageID_91077dda-a981-45c6-aaf4-3567928f2a90': {'time_window': {'start_time_utc': '2018-07-26 16:00:00', 'end_time_utc': '2018-07-27 00:00:00'}, 'planned_service_time_seconds': 103.0, 'dimensions': {'depth_cm': 30.2, 'height_cm': 12.7, 'width_cm': 20.8}}}"
MD,
NX,"{'PackageID_a8b8c15c-f978-45ae-a022-50cb7e29e621': {'time_window': {'start_time_utc': nan, 'end_time_utc': nan}, 'planned_service_time_seconds': 46.0, 'dimensions': {'depth_cm': 32.3, 'height_cm': 10.9, 'width_cm': 17.0}}}"
QT,
XI,
YW,
CN,"{'PackageID_ee09c8ef-e9ab-4fcd-801c-7ac452fbffbc': {'time_window': {'start_time_utc': nan, 'end_time_utc': nan}, 'planned_service_time_seconds': 84.0, 'dimensions': {'depth_cm': 33.0, 'height_cm': 20.3, 'width_cm': 26.7}}}"
FJ,{}
GX,"{'PackageID_465cdd35-982f-4839-925d-1b3aff60a23b': {'time_window': {'start_time_utc': nan, 'end_time_utc': nan}, 'planned_service_time_seconds': 47.0, 'dimensions': {'depth_cm': 21.6, 'height_cm': 3.8, 'width_cm': 14.0}}}"
HZ,"{'PackageID_8051a94d-7636-49b3-9cef-dcc0e7c5b730': {'time_window': {'start_time_utc': nan, 'end_time_utc': nan}, 'planned_service_time_seconds': 70.5, 'dimensions': {'depth_cm': 39.4, 'height_cm': 7.6, 'width_cm': 31.8}}, 'PackageID_b35d7069-83da-4f3d-825f-a958d59b0d3b': {'time_window': {'start_time_utc': nan, 'end_time_utc': nan}, 'planned_service_time_seconds': 70.5, 'dimensions': {'depth_cm': 31.4, 'height_cm': 1.6, 'width_cm': 28.9}}}"
NO,"{'PackageID_6db00e9a-2cf9-4213-a228-8bd05c9a4a7d': {'time_window': {'start_time_utc': nan, 'end_time_utc': nan}, 'planned_service_time_seconds': 44.0, 'dimensions': {'depth_cm': 30.5, 'height_cm': 10.2, 'width_cm': 19.1}}}"
RY,"{'PackageID_6e3b706e-c2a1-4615-8998-cda5f6412e0f': {'time_window': {'start_time_utc': nan, 'end_time_utc': nan}, 'planned_service_time_seconds': 39.0, 'dimensions': {'depth_cm': 32.0, 'height_cm': 1.0, 'width_cm': 29.5}}}"
TJ,"{'PackageID_1c4d7e01-0e13-48c2-a5ed-e1f9f533f9f7': {'time_window': {'start_time_utc': nan, 'end_time_utc': nan}, 'planned_service_time_seconds': 74.0, 'dimensions': {'depth_cm': 39.4, 'height_cm': 7.6, 'width_cm': 31.8}}}"
VI,"{'PackageID_946af054-49cd-4e38-b369-46351f22d833': {'time_window': {'start_time_utc': nan, 'end_time_utc': nan}, 'planned_service_time_seconds': 41.0, 'dimensions': {'depth_cm': 40.6, 'height_cm': 12.7, 'width_cm': 30.5}}}"
XL,"{'PackageID_c2966b33-2fcf-46b3-a90e-1e65189f7a8a': {'time_window': {'start_time_utc': nan, 'end_time_utc': nan}, 'planned_service_time_seconds': 62.7, 'dimensions': {'depth_cm': 48.3, 'height_cm': 30.5, 'width_cm': 36.8}}, 'PackageID_c460b256-5a75-48a2-bb76-fb96d95b8b6b': {'time_window': {'start_time_utc': nan, 'end_time_utc': nan}, 'planned_service_time_seconds': 62.7, 'dimensions': {'depth_cm': 34.3, 'height_cm': 11.4, 'width_cm': 26.7}}, 'PackageID_a4f94ab3-766a-4ffe-ad6f-38102340ff03': {'time_window': {'start_time_utc': nan, 'end_time_utc': nan}, 'planned_service_time_seconds': 62.7, 'dimensions': {'depth_cm': 25.4, 'height_cm': 12.7, 'width_cm': 17.8}}}"
DE,
RJ,
RP,
VM,
VN,
XN,
